component	status	pages	public_file	known_missing_or_partial_scope
SGA 1	complete published scope	260	01_SGA1_EN_COMPLETE_PUBLISHED_SCOPE_READER.pdf	Exposé VII was never written
SGA 2	complete reader	178	02_SGA2_EN_COMPLETE_READER.pdf	none declared in this release
SGA 3	complete reader	1470	03_SGA3_EN_COMPLETE_READER.pdf	none declared in this release
SGA 4	complete reader	864	04_SGA4_EN_COMPLETE_READER.pdf	none declared in this release
SGA 4½	complete reader	175	05_SGA4HALF_EN_COMPLETE_READER.pdf	none declared in this release
SGA 5	complete published content	309	06_SGA5_EN_COMPLETE_PUBLISHED_CONTENT_READER.pdf	all ten published exposés included
SGA 6	current layered reader	376	07_SGA6_EN_CURRENT_LAYERED_READER.pdf	mixed source-alignment status; see evidence
SGA 7 I	partial published-volume reader	287	08_SGA7I_EN_EXPOSES_I_II_VI_IX_READER.pdf	Exposés III-V absent; includes I, II, VI-IX
SGA 7 II	complete reader	258	09_SGA7II_EN_COMPLETE_READER.pdf	Exposés X-XXII included
